{"0": 1772130501.8477824, "1": 1772130468.497804, "2": 1772130511.6577356}